Variables ->,rstar_tnd,enerstar,nginv,ngexp,ngrev,nfg,dBG,dBbf,dBnbf,rstar_US_cbo,rstar_US_pce,,,,,PCE_core,PCE,,Tbill_rate_3mos,,,
Comments ->,,,,,,,,,,"combined  i - core PCE{+1}, CBO projected RIR real interest rate (3-mos US Treasury bills rate) -/- core PCE{+1}",CBO projected RIR real interest rate (3-mos US Treasury bills rate) -/- PCE{+1},CBO data/proj,calc fr CBO database,,ann.%change,index,"Price index, personal consumption expenditures (PCE), Percentage change, annual rate",,,,,
Class[Size] ->,Series[116-by-1],Series[116-by-1],,,,,,,,,,,,,,,,,,,,
1999Q1,2.6,11.2,,,,,,,,3,0,,3,,1,73.2,71.4,,4.4,,,
1999Q2,2.6,15.4,,,,,,,,3,0,,3,,1.4,73.4,71.8,,4.5,,,
1999Q3,2.7,20.5,,,,,,,,2.8,0,,2.8,,1.5,73.7,72.2,,4.6,,,
1999Q4,3,24,,,,,,,,2.9,0,,2.9,,1.9,74,72.6,,5,,,
2000Q1,3.2,26.8,,,,,,,,4.1,0,,4.1,,2.1,74.4,73.2,,5.5,,,
2000Q2,3.3,26.5,,,,,,,,3.8,0,,3.8,,1.4,74.7,73.6,,5.7,,,
2000Q3,3.4,30.4,,,,,,,,4,0,,4,,1.9,75.1,74,,6,,,
2000Q4,3.3,29.5,,,,,,,,3.4,0,,3.4,,2,75.4,74.5,,6,,,
2001Q1,3.1,25.8,,,,,,,,3.3,0,,3.3,,2.6,75.9,75,,4.8,,,
2001Q2,3,27.3,,,,,,,,2.6,0,,2.6,,1.5,76.2,75.4,,3.7,,,
2001Q3,3,25.2,,,,,,,,1.2,0,,1.2,,1,76.4,75.4,,3.2,,,
2001Q4,2.9,19.3,,,,,,,,0.7,0,,0.7,,1.9,76.8,75.4,,1.9,,,
2002Q1,3,21.2,,,,,,,,-0.5,0,,-0.5,,1.2,77,75.6,,1.7,,,
2002Q2,3,25.1,,,,,,,,-0.4,0,,-0.4,,2.2,77.4,76.1,,1.7,,,
2002Q3,2.8,26.9,,,,,,,,0.2,0,,0.2,,2.1,77.8,76.5,,1.6,,,
2002Q4,2.5,26.8,,,,,,,,0.1,0,,0.1,,1.4,78.1,76.9,,1.3,,,
2003Q1,2.3,31.4,,,,,,,,-0.4,0,,-0.4,,1.2,78.4,77.5,,1.2,,,
2003Q2,2,26.1,,,,,,,,-0.8,0,,-0.8,,1.5,78.7,77.6,,1,,,
2003Q3,1.8,28.4,,,,,,,,-0.9,0,,-0.9,,1.8,79,78.1,,0.9,,,
2003Q4,1.7,29.4,,,,,,,,-1.3,0,,-1.3,,1.8,79.4,78.5,,0.9,,,
2004Q1,1.6,32,,,,,,,,-1.4,0,,-1.4,,2.2,79.8,79.1,,0.9,,,
2004Q2,1.6,35.5,,,,,,,,-0.4,0,,-0.4,,2.3,80.3,79.6,,1.1,,,
2004Q3,1.6,41.6,,,,,,,,-0.7,0,,-0.7,,1.4,80.5,80,,1.5,,,
2004Q4,1.5,44.2,,,,,,,,-0.8,0,,-0.8,,2.2,81,80.7,,2,,,
2005Q1,1.3,47.8,,,,,,,,0.6,0,,0.6,,2.8,81.6,81.1,,2.5,,,
2005Q2,1.2,52.8,,,,,,,,1.3,0,,1.3,,2,82,81.7,,2.9,,,
2005Q3,1.1,61.9,,,,,,,,0.7,0,,0.7,,1.6,82.3,82.5,,3.4,,,
2005Q4,1.1,57.8,,,,,,,,1.5,0,,1.5,,2.7,82.8,83.2,,3.8,,,
2006Q1,1.1,62.6,,,,,,,,1.2,0,,1.2,,2.3,83.3,83.6,,4.4,,,
2006Q2,1.3,70.4,,,,,,,,2.6,0,,2.6,,3.2,84,84.4,,4.7,,,
2006Q3,1.5,70.6,,,,,,,,3.2,0,,3.2,,2.2,84.4,85,,4.9,,,
2006Q4,1.5,60.7,,,,,,,,2.1,0,,2.1,,1.7,84.8,84.8,,4.9,,,
2007Q1,1.6,58.7,,,,,,,,3.3,0,,3.3,,2.8,85.4,85.6,,5,,,
2007Q2,1.7,68.7,,,,,,,,2.8,0,,2.8,,1.7,85.7,86.3,,4.7,,,
2007Q3,2,74.7,,,,,,,,1.5,0,,1.5,,2,86.2,86.8,,4.3,,,
2007Q4,2,88.7,,,,,,,,1.3,0,,1.3,,2.8,86.7,87.7,,3.4,,,
2008Q1,2.1,96.5,,,,,,,,0.4,0,,0.4,,2.1,87.2,88.4,,2,,,
2008Q2,2.2,123,,,,,,,,-0.4,0,,-0.4,,1.7,87.6,89.3,,1.6,,,
2008Q3,2.4,116.9,,,,,,,,1.8,0,,1.8,,2,88,90.2,,1.5,,,
2008Q4,2.4,57.1,,,,,,,,0.3,0,,0.3,,-0.3,88,88.8,,0.3,,,
2009Q1,2.4,45.7,,,,,,,,-1.4,0,,-1.4,,0,88,88.2,,0.2,,,
2009Q2,2.4,59.8,,,,,,,,-1.2,0,,-1.2,,1.6,88.3,88.5,,0.2,,,
2009Q3,2.4,69,,,,,,,,-2.3,0,,-2.3,,1.4,88.6,89.1,,0.2,,,
2009Q4,2.3,75.6,,,,,,,,-1.3,0,,-1.3,,2.5,89.2,89.8,,0.1,,,
2010Q1,2.2,77.3,,,,,,,,-1,0,,-1,,1.4,89.5,90.2,,0.1,,,
2010Q2,2.1,79.4,,,,,,,,-0.5,0,,-0.5,,1.1,89.7,90.3,,0.1,,,
2010Q3,1.8,77,,,,,,,,-1.1,0,,-1.1,,0.6,89.8,90.5,,0.2,,,
2010Q4,1.6,87.3,,,,,,,,-1.6,0,,-1.6,,1.3,90.1,91.1,,0.1,,,
2011Q1,1.6,105.2,,,,,,,,-2.2,0,,-2.2,,1.8,90.5,91.8,,0.1,,,
2011Q2,1.6,117.2,,,,,,,,-1.8,0,,-1.8,,2.3,91.1,92.7,,0,,,
2011Q3,1.5,112.2,,,,,,,,-1.4,0,,-1.4,,1.8,91.5,93.2,,0,,,
2011Q4,1.3,109,,,,,,,,-2.5,0,,-2.5,,1.4,91.8,93.5,,0,,,
2012Q1,1.1,118.3,,,,,,,,-1.6,0,,-1.6,,2.5,92.4,94.1,,0.1,,,
2012Q2,0.9,108.9,,,,,,,,-1.1,0,,-1.1,,1.7,92.8,94.3,,0.1,,,
2012Q3,0.7,109.5,,,,,,,,-1.7,0,,-1.7,,1.2,93,94.6,,0.1,,,
2012Q4,0.5,110.1,,,,,,,,-1.5,0,,-1.5,,1.8,93.4,95.1,,0.1,,,
2013Q1,0.4,112.6,,,,,,,,-1,0,,-1,,1.6,93.8,95.5,,0.1,,,
2013Q2,0.3,103.3,,,,,,,,-1.5,0,,-1.5,,1.1,94.1,95.5,,0.1,,,
2013Q3,0.4,109.7,,,,,,,,-1.7,0,,-1.7,,1.6,94.4,95.9,,0,,,
2013Q4,0.5,109.4,,,,,,,,-1.2,0,,-1.2,,1.7,94.8,96.3,,0.1,,,
2014Q1,0.5,108,,,,,,,,-1.7,0,,-1.7,,1.3,95.1,96.7,,0,,,
2014Q2,0.4,109.8,,,,,,,,-1.5,0,,-1.5,,1.7,95.6,97.1,,0,,,
2014Q3,0.2,103.4,,,,,,,,-1.1,0,,-1.1,,1.5,95.9,97.4,,0,,,
2014Q4,0,76.9,,,,,,,,-0.6,0,,-0.6,,1.1,96.2,97.3,,0,,,
2015Q1,-0.4,55.3,,,,,,,,-1.8,0,,-1.8,,0.7,96.3,96.8,,0,,,
2015Q2,-0.6,63.4,,,,,,,,-1.3,0,,-1.3,,1.8,96.8,97.3,,0,,,
2015Q3,-0.7,51.2,,,,,,,,-1,0,,-1,,1.3,97.1,97.6,,0,,,
2015Q4,-0.8,44.7,,,,,,,,-1.5,0,,-1.5,,1,97.3,97.5,,0.1,,,
2016Q1,-0.9,35.2,,,,,,,,-1.9,0,,-1.9,,1.7,97.7,97.5,,0.3,,,
2016Q2,-1,47,,,,,,,,-1.5,0,,-1.5,,2.2,98.3,98.2,,0.3,,,
2016Q3,-1.1,47,,,,,,,,-1.1,0,,-1.1,,1.7,98.7,98.5,,0.3,,,
2016Q4,-1.1,51.1,,,,,,,,-1.4,0,,-1.4,,1.4,99,98.9,,0.4,,,
2017Q1,-0.9,54.7,,,,,,,,-0.7,0,,-0.7,,1.9,99.5,99.5,,0.6,,,
2017Q2,-0.8,51,,,,,,,,-0.3,0,,-0.3,,1.3,99.8,99.7,,0.9,,,
2017Q3,-0.8,52.2,,,,,,,,-0.7,0,,-0.7,,1.2,100.1,100.1,,1,,,
2017Q4,-0.9,61.6,,,,,,,,-1.3,0,,-1.3,,1.8,100.6,100.7,,1.2,,,
2018Q1,-0.9,67.2,,,,,,,,-0.6,0,,-0.6,,2.5,101.2,101.4,,1.6,,,
2018Q2,-0.9,74.9,,,,,,,,0.6,0,,0.6,,2.1,101.8,101.9,,1.8,,,
2018Q3,-0.8,76,,,,,,,,0.2,0,,0.2,,1.3,102.1,102.3,,2,,,
2018Q4,-0.7,68,,,,,,,,0.7,0,,0.7,,1.9,102.6,102.6,,2.3,,,
2019Q1,-0.8,63.8,,,,,,,,0.6,0,,0.6,,1.6,103,102.9,,2.4,,,
2019Q2,-0.8,68.3,,,,,,,,0.8,0,,0.8,,1.8,103.4,103.4,,2.3,,,
2019Q3,-0.7,62,,,,,,,,0.7,0,,0.7,,1.5,103.8,103.7,,2,,,
2019Q4,-0.8,62.5,,,,,,,,-0.1,0,,-0.1,,1.3,104.1,104.1,,1.6,,,
2020Q1,-0.9,51,,,,,,,,1.9,0,,1.9,,1.7,104.6,104.4,,1.1,,,
2020Q2,-0.9,33.3,,,,,,,,-2.9,0,,-2.9,,-0.8,104.4,104,,0.1,,,
2020Q3,-1,43.4,,,,,,,,-1.6,0,,-1.6,,3.1,105.2,104.8,,0.1,,,
2020Q4,-1.2,45.3,,,,,,,,-3.4,0,,-3.4,,1.8,105.6,105.3,,0.1,,,
2021Q1,-1.3,61,,,,,,,,-6,-6.2,-6,-5.8,,3.5,106.6,106.6,,0.1,,,
2021Q2,-1.4,69,,,,,,,,-4.8,-5.6,-4.8,-4.7,,5.9,108.1,108.2,,0,,,
2021Q3,-1.5,73.2,,,,,,,,-5.1,-6.7,-5.1,-5,,4.7,109.4,109.7,,0,,,
2021Q4,-1.6,79.8,,,,,,,,-5.9,-7.6,-5.9,-5.8,,5.1,110.8,111.5,,0.1,,,
2022Q1,-1.6,97.4,,,,,,,,-4.4,-6.9,-4.4,-4.3,,5.8,112.4,113.6,,0.3,,,
2022Q2,-1.5,111.9,,,,,,,,-3.9,-3.6,-3.9,-3.8,,4.6,113.7,115.6,,1.1,,,
2022Q3,-1.5,97.8,,,,,,,,-2,-1.5,-2,-2,,4.9,115.1,116.9,,2.7,,,
2022Q4,-1.3,100,,,,,,,,-0.9,-0.1,-0.9,-0.8,,4.6,116.5,118.1,,4,,,
2023Q1,-1.2,100,,,,,,,,1,2.1,1,1,,4.9,117.9,119.3,,4.6,,,
2023Q2,-1.1,92.5,,,,,,,,2.8,2.3,2.8,2.8,,3.6,118.9,120,,5.1,,,
2023Q3,-0.9,87.4,,,,,,,,2.7,3.1,2.7,2.7,,2.3,119.6,120.9,,5.3,,,
2023Q4,-0.8,84.4,,,,,,,,2.9,3.4,2.9,,,2.6,120.4,121.6,,5.3,,,5.27
2024Q1,-0.7,82.7,,,,,,,,2.9,3.1,2.9,,,,121.1,122.1,,5.2,,,
2024Q2,-0.6,81.9,,,,,,,,2.6,2.8,2.6,,,,121.8,122.8,,5,,,
2024Q3,-0.5,81.9,,,,,,,,2.3,2.5,2.3,,,,122.5,123.4,,4.7,,,
2024Q4,-0.5,82.2,,,,,,,,2.1,2.2,2.1,,,,123.3,124.1,,4.5,,,
2025Q1,-0.4,82.7,,,,,,,,1.8,2,1.8,,,,124,124.8,,4.2,,,
2025Q2,-0.3,83.2,,,,,,,,1.6,1.8,1.6,,,,124.7,125.5,,4,,,
2025Q3,-0.3,83.7,,,,,,,,1.4,1.6,1.4,,,,125.4,126.2,,3.7,,,
2025Q4,-0.2,84.2,,,,,,,,1.2,1.3,1.2,,,,126.2,126.8,,3.5,,,
2026Q1,-0.2,84.7,,,,,,,,1.1,1.2,1.1,,,,126.8,127.5,,3.3,,,
2026Q2,-0.1,85.2,,,,,,,,1.1,1.1,1.1,,,,127.5,128.2,,3.2,,,
2026Q3,-0.1,85.7,,,,,,,,1,1,1,,,,128.2,128.8,,3.1,,,
2026Q4,-0.1,86.2,,,,,,,,0.9,1,0.9,,,,128.9,129.5,,3,,,
2027Q1,0,86.8,,,,,,,,0.9,0.9,0.9,,,,129.5,130.1,,2.9,,,
2027Q2,0,87.3,,,,,,,,0.7,0.8,0.7,,,,130.2,130.7,,2.8,,,
2027Q3,0,87.8,,,,,,,,0.7,0.7,0.7,,,,130.9,131.4,,2.7,,,
2027Q4,0.1,88.3,,,,,,,,0.7,0.7,0.7,,,,131.5,132,,2.7,,,
2028Q1,0.1,88.4,,,,,,,,0.7,0.8,0.7,,,,132.2,132.7,,2.7,,,
2028Q2,0.1,88.4,,,,,,,,0.7,0.8,0.7,,,,132.8,133.3,,2.7,,,
2028Q3,0.1,88.4,,,,,,,,0.7,0.8,0.7,,,,133.5,134,,2.7,,,
2028Q4,0.1,88.4,,,,,,,,0.7,0.8,0.7,,,,134.1,134.6,,2.7,,,
2029Q1,0.1,88.4,,,,,,,,0.7,0.8,0.7,,,,134.8,135.3,,2.7,,,
2029Q2,0.1,88.4,,,,,,,,0.8,0.8,0.8,,,,135.5,135.9,,2.7,,,
2029Q3,0.1,88.4,,,,,,,,0.8,0.8,0.8,,,,136.1,136.6,,2.7,,,
2029Q4,0.1,88.4,,,,,,,,0.8,0.8,0.8,,,,136.8,137.2,,2.7,,,
2030Q1,,,,,,,,,,0.8,0.8,0.8,,,,137.4,137.9,,2.7,,,
2030Q2,,,,,,,,,,0.8,0.8,0.8,,,,138.1,138.5,,2.7,,,
2030Q3,,,,,,,,,,0.8,0.8,0.8,,,,138.8,139.2,,2.8,,,
2030Q4,,,,,,,,,,0.8,0.8,0.8,,,,139.4,139.9,,2.8,,,
2031Q1,,,,,,,,,,0.8,0.8,,,,,140.1,140.6,,2.8,,,
2031Q2,,,,,,,,,,0.8,0.9,,,,,140.8,141.2,,2.8,,,
2031Q3,,,,,,,,,,0.8,0.9,,,,,141.5,141.9,,2.8,,,
2031Q4,,,,,,,,,,0.9,0.9,,,,,142.2,142.6,,2.8,,,
2032Q1,,,,,,,,,,0.9,0.9,,,,,142.9,143.3,,2.8,,,
2032Q2,,,,,,,,,,0.9,0.9,,,,,143.6,144,,2.8,,,
2032Q3,,,,,,,,,,0.9,0.9,,,,,144.3,144.7,,2.8,,,
2032Q4,,,,,,,,,,0.8,0.9,,,,,145,145.4,,2.8,,,
2033Q1,,,,,,,,,,0.8,0.9,,,,,145.7,146.1,,2.8,,,
2033Q2,,,,,,,,,,0.8,0.9,,,,,146.4,146.8,,2.8,,,
2033Q3,,,,,,,,,,0.8,0.9,,,,,147.1,147.5,,2.8,,,
2033Q4,,,,,,,,,,0.8,0.9,,,,,147.8,148.2,,2.8,,,
2034Q1,,,,,,,,,,0.8,0.9,,,,,148.5,148.9,,2.8,,,
2034Q2,,,,,,,,,,0.8,0.9,,,,,149.2,149.6,,2.8,,,
2034Q3,,,,,,,,,,0.8,0.8,,,,,150,150.3,,2.8,,,
2034Q4,,,,,,,,,,2.8,2.8,,,,,150.7,151,,2.8,,,
